<?xml version="1.0" encoding="UTF-8" ?>  
<!DOCTYPE mapper PUBLIC "-//mybatis.org//DTD Mapper 3.0//EN" "http://mybatis.org/dtd/mybatis-3-mapper.dtd" >  
<mapper namespace="com.lyz.sharding.mapper.StudentMapper" >  
  <resultMap id="resultMap" type="com.lyz.sharding.entity.Student" >  
    <id column="id" property="id" jdbcType="INTEGER" />  
    <result column="student_id" property="studentId" jdbcType="INTEGER" />  
    <result column="name" property="name" jdbcType="VARCHAR" />  
    <result column="age" property="age" jdbcType="INTEGER" />  
  </resultMap>  
    
  <insert id="insert">  
    insert into t_student (student_id,name,age) values (#{studentId},#{name},#{age})  
  </insert>  
    
  <select id="findAll" resultMap="resultMap">  
   select <include refid="columnsName"/> from t_student  
  </select>  
    
  <select id="findByStudentIds" resultMap="resultMap">  
    select <include refid="columnsName"/> from t_student where student_id in (  
     <foreach collection="list" item="item" separator=",">  
        #{item}  
     </foreach>  
    )  
      
  </select>  
    
  <sql id="columnsName">  
     id,student_id,name,age  
  </sql>      
</mapper>  